	gene	sequence
0	STAB1	TGCA
1	SLC11A1	CAGT
2	FLT4	GACT
3	PLXNA2	TTAC
4	SLC1A3	AGTC
5	CADPS2	CTGA
6	P3H2	GTAC
7	PRKAG2	TCGT
8	RPL19	GCTA
9	VWF	ACGT
10	FOXP1	TGCT
11	ORC4	CATT
12	CD2	TTGA
13	EPCAM	AGCT
14	SLF2	CTAG
15	PAX8	GTCA
16	COX7C	TACA
17	FGF13	GATC
18	NES	ATGC
19	CPM	TGAT
20	COL2A1	GACG
21	TP53	TTCC
22	TMEM108	TACG
23	GPC3	GTTT
24	MKI67	AATG
25	PDE1C	TGTC
26	UQCRB	TTGG
27	MS4A1	AGAT
28	RNF149	CATA
29	COL6A3	GTTA
30	COL3A1	TAGC
31	NLGN1	GAGT
32	PCDH7	ATAG
33	CALB2	TGTT
34	CD163	CGAT
35	MUC16	GACC
36	NPM1	TTTG
37	RGS7	TACT
38	SORCS2	GAGC
39	ANKS1B	ACTA
40	MUC1	TCAT
41	RPL14	CTAC
42	DMD	GTAT
43	unused-1	ATTG
44	unused-2	ACGG
45	unused-3	GGCG
46	unused-4	CTTC
47	unused-5	TCCT
